{
  "electron\\main.js": 1776151224.0582728,
  "electron\\preload.js": 1776143466.8195932,
  "electron\\gcal\\auth.js": 1775974940.2752752,
  "electron\\gcal\\calendar.js": 1775789788.2841735,
  "electron\\gcal\\config.js": 1775789799.7964365,
  "electron\\patches\\apply-zalo-blocklist.js": 1776085532.7102454,
  "electron\\patches\\openzalo-openzca.ts": 1775974913.9481738,
  "electron\\scripts\\build-mac-safe.js": 1776083559.9715831,
  "electron\\scripts\\build-mac-universal.js": 1776083559.9715831,
  "electron\\scripts\\fix-better-sqlite3.js": 1775611553.523246,
  "electron\\scripts\\prebuild-vendor.js": 1776084616.094662,
  "electron\\scripts\\smoke-test.js": 1775976211.3247275,
  "electron\\scripts\\test-core.js": 1776124139.743415,
  "tools\\remove-bg.js": 1775452435.3821936,
  "tools\\send-zalo-safe.js": 1776121967.662519,
  "tools\\zalo-manage.js": 1776150845.549008,
  "tools\\example-tool\\example-tool.js": 1775285670.457348,
  "tools\\memory-db\\memory-write.js": 1775452862.5896204,
  "tools\\memory-db\\rebuild-db.js": 1775452911.2153957,
  "tools\\memory-db\\relevant-memory.js": 1775452882.9788249,
  "tools\\security\\audit_logger.py": 1775285670.453552,
  "tools\\security\\outbound_filter.py": 1775285670.4544458,
  "AGENTS.md": 1776149206.9023163,
  "BOOTSTRAP.md": 1775613453.223001,
  "CLAUDE.md": 1775970994.7998214,
  "COMPANY.md": 1775838503.8084662,
  "HEARTBEAT.md": 1776096680.0898042,
  "Hierarchical-Memory-System.txt": 1775285670.4289882,
  "IDENTITY.md": 1775838503.8104692,
  "meditations.md": 1775285670.4411306,
  "MEMORY.md": 1776096655.4861438,
  "PINNING.md": 1775742574.6300416,
  "PRODUCTS.md": 1775489977.1898158,
  "README-MAC.md": 1776084562.8990908,
  "README.md": 1775899015.898453,
  "RELEASE-STRATEGY.md": 1775573991.685311,
  "SECURITY-PLAN.md": 1775706435.15161,
  "SOUL.md": 1775876261.1849647,
  "TOOLS.md": 1775472929.0078564,
  "USER.md": 1775285670.4347987,
  "docs\\agent-architecture.md": 1775285670.4396248,
  "docs\\ceo-quick-guide.md": 1775574205.53126,
  "docs\\decision-template.md": 1775285670.4396248,
  "docs\\google-form-spec.md": 1775451702.7983332,
  "docs\\HUONG-DAN-CAI-DAT.md": 1775574198.8228753,
  "docs\\HUONG-DAN-CHUAN-BI-TRUOC-KHI-CAI.md": 1775530228.0748365,
  "docs\\HUONG-DAN-SU-DUNG.md": 1776042463.1960878,
  "docs\\morning-brief-template.md": 1775285670.4367883,
  "docs\\setup-checklist.md": 1775285925.410694,
  "docs\\shop-state-format.md": 1775880539.5214746,
  "docs\\silent-replies.md": 1775285670.4367883,
  "docs\\task-routing.md": 1775285670.4386187,
  "docs\\ZOOM-CAI-DAT-GUIDE.md": 1776040992.0897098,
  "docs\\superpowers\\plans\\2026-04-04-modoro-claw-ceo-workspace.md": 1775284767.5716538,
  "docs\\superpowers\\plans\\2026-04-06-moodoroclaw-v2.md": 1775451611.1180158,
  "docs\\superpowers\\plans\\2026-04-08-context-compaction-backend-plan.md": 1775618370.0195117,
  "docs\\superpowers\\plans\\2026-04-10-context-optimization.md": 1775794780.3636882,
  "docs\\superpowers\\sessions\\2026-04-07-session-log.md": 1775549795.3576176,
  "docs\\superpowers\\specs\\2026-04-04-modoro-claw-ceo-workspace-design.md": 1775286345.8780658,
  "docs\\superpowers\\specs\\2026-04-06-moodoroclaw-v2-design.md": 1775451049.3088636,
  "docs\\superpowers\\specs\\2026-04-07-embed-webui-design.md": 1775546865.1928256,
  "docs\\superpowers\\specs\\2026-04-07-knowledge-tab-design.md": 1775545273.921932,
  "docs\\superpowers\\specs\\2026-04-08-context-compaction-customer-memory-design.md": 1775616518.2761827,
  "docs\\superpowers\\specs\\2026-04-09-facebook-all-in-one-design.md": 1775753731.6697059,
  "docs\\superpowers\\specs\\2026-04-10-context-optimization-design.md": 1775794089.1734116,
  "docs\\superpowers\\specs\\2026-04-10-google-calendar-design.md": 1775789560.1761014,
  "docs\\superpowers\\specs\\2026-04-10-onboarding-guide-design.md": 1775787409.9865737,
  "industry\\bat-dong-san.md": 1775492479.641811,
  "industry\\cong-nghe.md": 1775492609.0011358,
  "industry\\dich-vu.md": 1775492587.8405178,
  "industry\\fnb.md": 1775492464.8380008,
  "industry\\giao-duc.md": 1775492600.9238362,
  "industry\\san-xuat.md": 1775492616.0535197,
  "industry\\thuong-mai.md": 1775492573.0827847,
  "industry\\tong-quat.md": 1775492622.0988877,
  "knowledge\\sales-playbook.md": 1775880518.55597,
  "memory\\people\\user.md": 1775285670.443136,
  "personas\\anh-ky-thuat-cong-nghe.md": 1775880917.8907342,
  "personas\\anh-sale-oto.md": 1775880830.2496023,
  "personas\\anh-tho-sua-xe.md": 1775881435.6386254,
  "personas\\chi-ban-hang-mien-tay.md": 1775880526.182535,
  "personas\\chi-chu-boutique.md": 1775880873.8695376,
  "personas\\chi-spa-nhe-nhang.md": 1775880700.0634532,
  "personas\\co-giao-ha-noi.md": 1775880611.9601078,
  "personas\\co-le-tan-khach-san.md": 1775880785.5473218,
  "personas\\duoc-si-an-can.md": 1775880656.7662263,
  "personas\\em-sale-bds-sg.md": 1775880570.0881803,
  "personas\\README.md": 1775880483.5451038,
  "prompts\\heartbeat-prompt.md": 1775479247.3114297,
  "prompts\\meditation-prompt.md": 1775479269.9051194,
  "prompts\\memory-search.md": 1775479289.7730298,
  "prompts\\onboarding.md": 1775479153.4827993,
  "prompts\\session-start.md": 1775479230.2208934,
  "prompts\\sop-templates.md": 1775479346.9679053,
  "prompts\\training-guide.md": 1775479333.484455,
  "prompts\\sop\\bat-dong-san.md": 1775479137.6257062,
  "prompts\\sop\\cong-nghe.md": 1775479227.984033,
  "prompts\\sop\\dich-vu.md": 1775479178.8179843,
  "prompts\\sop\\fnb.md": 1775479115.2956457,
  "prompts\\sop\\giao-duc.md": 1775479202.1480775,
  "prompts\\sop\\san-xuat.md": 1775479251.4862907,
  "prompts\\sop\\thuong-mai.md": 1775479158.7799473,
  "prompts\\sop\\tong-quat.md": 1775479270.0403984,
  "prompts\\training\\bat-dong-san.md": 1775479149.3860092,
  "prompts\\training\\cong-nghe.md": 1775479216.675692,
  "prompts\\training\\dich-vu.md": 1775479182.4441135,
  "prompts\\training\\fnb.md": 1775479130.958942,
  "prompts\\training\\giao-duc.md": 1775479199.9917543,
  "prompts\\training\\san-xuat.md": 1775479235.4882162,
  "prompts\\training\\thuong-mai.md": 1775479166.0088084,
  "prompts\\training\\tong-quat.md": 1775479252.5695572,
  "reflections\\assistant-vs-partner.md": 1775285670.4501362,
  "reflections\\bold-vs-cautious.md": 1775285670.4522655,
  "reflections\\meaningful-work.md": 1775285670.4511359,
  "skills\\appointments.md": 1776053967.02337,
  "skills\\bat-dong-san.md": 1775492335.2449055,
  "skills\\cong-nghe.md": 1775492393.3365602,
  "skills\\dich-vu.md": 1775492365.825307,
  "skills\\fnb.md": 1775492314.5552442,
  "skills\\giao-duc.md": 1775492380.712379,
  "skills\\INDEX.md": 1776053977.4731672,
  "skills\\san-xuat.md": 1775492407.3252628,
  "skills\\thuong-mai.md": 1775492351.14724,
  "skills\\tong-quat.md": 1775492427.9148943,
  "skills\\advisory\\business-investment-advisor.md": 1775725307.0671804,
  "skills\\advisory\\c-level-advisor-main.md": 1775725307.0471807,
  "skills\\advisory\\ceo-advisor.md": 1775725306.87518,
  "skills\\advisory\\cfo-advisor.md": 1775725306.894194,
  "skills\\advisory\\chro-advisor.md": 1775725306.9731836,
  "skills\\advisory\\ciso-advisor.md": 1775725306.9911842,
  "skills\\advisory\\cmo-advisor.md": 1775725306.9541838,
  "skills\\advisory\\coo-advisor.md": 1775725306.9121814,
  "skills\\advisory\\cpo-advisor.md": 1775725307.0091813,
  "skills\\advisory\\cro-advisor.md": 1775725307.0291805,
  "skills\\advisory\\cto-advisor.md": 1775725306.934184,
  "skills\\content\\brand-guidelines.md": 1775725307.4926944,
  "skills\\content\\content-creator.md": 1775725307.4126923,
  "skills\\content\\content-humanizer.md": 1775725307.4336925,
  "skills\\content\\content-production.md": 1775725307.4536958,
  "skills\\content\\content-strategist.md": 1775725307.4736922,
  "skills\\content\\social-media-analyzer.md": 1775725307.5497065,
  "skills\\content\\social-media-manager.md": 1775725307.5296853,
  "skills\\content\\video-content-strategist.md": 1775725307.5116923,